MSA,Metric,Profiles
"Atlanta-Sandy Springs-Alpharetta, GA",Certified Ethical Hacker,346
"Atlanta-Sandy Springs-Alpharetta, GA",Certified Information Security Manager,300
"Atlanta-Sandy Springs-Alpharetta, GA",Certified Information System Auditor (CISA),252
"Atlanta-Sandy Springs-Alpharetta, GA",Certified Information Systems Security Professional,886
"Atlanta-Sandy Springs-Alpharetta, GA",Cisco Certified Network Associate,449
"Atlanta-Sandy Springs-Alpharetta, GA",Cisco Certified Network Professional,101
"Atlanta-Sandy Springs-Alpharetta, GA",CompTIA Security+,795
"Atlanta-Sandy Springs-Alpharetta, GA",GIAC Certifications,295
"Atlanta-Sandy Springs-Alpharetta, GA",GIAC Certified Incident Handler,92
"Atlanta-Sandy Springs-Alpharetta, GA",GIAC Security Essentials Certification,67
"Atlanta-Sandy Springs-Alpharetta, GA",ITIL Certifications,245
"Atlanta-Sandy Springs-Alpharetta, GA",Microsoft Certified Systems Engineer,147
"Atlanta-Sandy Springs-Alpharetta, GA",NIST Cybersecurity Framework (CSF),56
"Augusta-Richmond County, GA-SC",Certified Ethical Hacker,155
"Augusta-Richmond County, GA-SC",Certified Information Security Manager,29
"Augusta-Richmond County, GA-SC",Certified Information System Auditor (CISA),7
"Augusta-Richmond County, GA-SC",Certified Information Systems Security Professional,167
"Augusta-Richmond County, GA-SC",Cisco Certified Network Associate,111
"Augusta-Richmond County, GA-SC",Cisco Certified Network Professional,26
"Augusta-Richmond County, GA-SC",CompTIA Security+,349
"Augusta-Richmond County, GA-SC",GIAC Certifications,123
"Augusta-Richmond County, GA-SC",GIAC Certified Incident Handler,72
"Augusta-Richmond County, GA-SC",GIAC Security Essentials Certification,64
"Augusta-Richmond County, GA-SC",ITIL Certifications,44
"Augusta-Richmond County, GA-SC",Microsoft Certified Systems Engineer,22
"Austin-Round Rock-Georgetown, TX",Certified Ethical Hacker,132
"Austin-Round Rock-Georgetown, TX",Certified Information Security Manager,90
"Austin-Round Rock-Georgetown, TX",Certified Information System Auditor (CISA),74
"Austin-Round Rock-Georgetown, TX",Certified Information Systems Security Professional,321
"Austin-Round Rock-Georgetown, TX",Cisco Certified Network Associate,133
"Austin-Round Rock-Georgetown, TX",Cisco Certified Network Professional,33
"Austin-Round Rock-Georgetown, TX",CompTIA Security+,189
"Austin-Round Rock-Georgetown, TX",GIAC Certifications,108
"Austin-Round Rock-Georgetown, TX",GIAC Certified Incident Handler,37
"Austin-Round Rock-Georgetown, TX",GIAC Security Essentials Certification,31
"Austin-Round Rock-Georgetown, TX",ITIL Certifications,102
"Austin-Round Rock-Georgetown, TX",Microsoft Certified Systems Engineer,52
"Austin-Round Rock-Georgetown, TX",NIST Cybersecurity Framework (CSF),22
"Baltimore-Columbia-Towson, MD",Certified Ethical Hacker,851
"Baltimore-Columbia-Towson, MD",Certified Information Security Manager,176
"Baltimore-Columbia-Towson, MD",Certified Information System Auditor (CISA),118
"Baltimore-Columbia-Towson, MD",Certified Information Systems Security Professional,1301
"Baltimore-Columbia-Towson, MD",Cisco Certified Network Associate,479
"Baltimore-Columbia-Towson, MD",Cisco Certified Network Professional,82
"Baltimore-Columbia-Towson, MD",CompTIA Security+,1818
"Baltimore-Columbia-Towson, MD",GIAC Certifications,383
"Baltimore-Columbia-Towson, MD",GIAC Certified Incident Handler,160
"Baltimore-Columbia-Towson, MD",GIAC Security Essentials Certification,95
"Baltimore-Columbia-Towson, MD",ITIL Certifications,258
"Baltimore-Columbia-Towson, MD",Microsoft Certified Systems Engineer,164
"Boston-Cambridge-Newton, MA-NH",Certified Ethical Hacker,123
"Boston-Cambridge-Newton, MA-NH",Certified Information Security Manager,183
"Boston-Cambridge-Newton, MA-NH",Certified Information System Auditor (CISA),150
"Boston-Cambridge-Newton, MA-NH",Certified Information Systems Security Professional,592
"Boston-Cambridge-Newton, MA-NH",Cisco Certified Network Associate,159
"Boston-Cambridge-Newton, MA-NH",Cisco Certified Network Professional,52
"Boston-Cambridge-Newton, MA-NH",CompTIA Security+,312
"Boston-Cambridge-Newton, MA-NH",GIAC Certifications,173
"Boston-Cambridge-Newton, MA-NH",GIAC Certified Incident Handler,57
"Boston-Cambridge-Newton, MA-NH",GIAC Security Essentials Certification,56
"Boston-Cambridge-Newton, MA-NH",ITIL Certifications,137
"Boston-Cambridge-Newton, MA-NH",Microsoft Certified Systems Engineer,97
"Boston-Cambridge-Newton, MA-NH",NIST Cybersecurity Framework (CSF),39
"Buffalo-Cheektowaga, NY",Certified Ethical Hacker,9
"Buffalo-Cheektowaga, NY",Certified Information Security Manager,23
"Buffalo-Cheektowaga, NY",Certified Information System Auditor (CISA),17
"Buffalo-Cheektowaga, NY",Certified Information Systems Security Professional,46
"Buffalo-Cheektowaga, NY",Cisco Certified Network Associate,24
"Buffalo-Cheektowaga, NY",Cisco Certified Network Professional,4
"Buffalo-Cheektowaga, NY",CompTIA Security+,34
"Buffalo-Cheektowaga, NY",GIAC Certifications,11
"Buffalo-Cheektowaga, NY",GIAC Security Essentials Certification,3
"Buffalo-Cheektowaga, NY",ITIL Certifications,9
"Buffalo-Cheektowaga, NY",Microsoft Certified Systems Engineer,6
"Buffalo-Cheektowaga, NY",NIST Cybersecurity Framework (CSF),5
"Charlotte-Concord-Gastonia, NC-SC",Certified Ethical Hacker,87
"Charlotte-Concord-Gastonia, NC-SC",Certified Information Security Manager,101
"Charlotte-Concord-Gastonia, NC-SC",Certified Information System Auditor (CISA),74
"Charlotte-Concord-Gastonia, NC-SC",Certified Information Systems Security Professional,257
"Charlotte-Concord-Gastonia, NC-SC",Cisco Certified Network Associate,119
"Charlotte-Concord-Gastonia, NC-SC",Cisco Certified Network Professional,32
"Charlotte-Concord-Gastonia, NC-SC",CompTIA Security+,167
"Charlotte-Concord-Gastonia, NC-SC",GIAC Certifications,91
"Charlotte-Concord-Gastonia, NC-SC",GIAC Certified Incident Handler,29
"Charlotte-Concord-Gastonia, NC-SC",GIAC Security Essentials Certification,26
"Charlotte-Concord-Gastonia, NC-SC",ITIL Certifications,63
"Charlotte-Concord-Gastonia, NC-SC",Microsoft Certified Systems Engineer,71
"Charlotte-Concord-Gastonia, NC-SC",NIST Cybersecurity Framework (CSF),17
"Chicago-Naperville-Elgin, IL-IN-WI",Certified Ethical Hacker,167
"Chicago-Naperville-Elgin, IL-IN-WI",Certified Information Security Manager,264
"Chicago-Naperville-Elgin, IL-IN-WI",Certified Information System Auditor (CISA),257
"Chicago-Naperville-Elgin, IL-IN-WI",Certified Information Systems Security Professional,652
"Chicago-Naperville-Elgin, IL-IN-WI",Cisco Certified Network Associate,262
"Chicago-Naperville-Elgin, IL-IN-WI",Cisco Certified Network Professional,55
"Chicago-Naperville-Elgin, IL-IN-WI",CompTIA Security+,320
"Chicago-Naperville-Elgin, IL-IN-WI",GIAC Certifications,204
"Chicago-Naperville-Elgin, IL-IN-WI",GIAC Certified Incident Handler,63
"Chicago-Naperville-Elgin, IL-IN-WI",GIAC Security Essentials Certification,62
"Chicago-Naperville-Elgin, IL-IN-WI",ITIL Certifications,193
"Chicago-Naperville-Elgin, IL-IN-WI",Microsoft Certified Systems Engineer,119
"Chicago-Naperville-Elgin, IL-IN-WI",NIST Cybersecurity Framework (CSF),49
"Cincinnati, OH-KY-IN",Certified Ethical Hacker,35
"Cincinnati, OH-KY-IN",Certified Information Security Manager,47
"Cincinnati, OH-KY-IN",Certified Information System Auditor (CISA),42
"Cincinnati, OH-KY-IN",Certified Information Systems Security Professional,124
"Cincinnati, OH-KY-IN",Cisco Certified Network Associate,54
"Cincinnati, OH-KY-IN",Cisco Certified Network Professional,9
"Cincinnati, OH-KY-IN",CompTIA Security+,111
"Cincinnati, OH-KY-IN",GIAC Certifications,55
"Cincinnati, OH-KY-IN",GIAC Certified Incident Handler,18
"Cincinnati, OH-KY-IN",GIAC Security Essentials Certification,18
"Cincinnati, OH-KY-IN",ITIL Certifications,50
"Cincinnati, OH-KY-IN",Microsoft Certified Systems Engineer,21
"Cincinnati, OH-KY-IN",NIST Cybersecurity Framework (CSF),7
"Cleveland-Elyria, OH",Certified Ethical Hacker,20
"Cleveland-Elyria, OH",Certified Information Security Manager,32
"Cleveland-Elyria, OH",Certified Information System Auditor (CISA),34
"Cleveland-Elyria, OH",Certified Information Systems Security Professional,93
"Cleveland-Elyria, OH",Cisco Certified Network Associate,39
"Cleveland-Elyria, OH",Cisco Certified Network Professional,11
"Cleveland-Elyria, OH",CompTIA Security+,43
"Cleveland-Elyria, OH",GIAC Certifications,36
"Cleveland-Elyria, OH",GIAC Certified Incident Handler,4
"Cleveland-Elyria, OH",GIAC Security Essentials Certification,10
"Cleveland-Elyria, OH",ITIL Certifications,38
"Cleveland-Elyria, OH",Microsoft Certified Systems Engineer,21
"Columbus, OH",Certified Ethical Hacker,65
"Columbus, OH",Certified Information Security Manager,54
"Columbus, OH",Certified Information System Auditor (CISA),41
"Columbus, OH",Certified Information Systems Security Professional,149
"Columbus, OH",Cisco Certified Network Associate,59
"Columbus, OH",Cisco Certified Network Professional,13
"Columbus, OH",CompTIA Security+,140
"Columbus, OH",GIAC Certifications,50
"Columbus, OH",GIAC Certified Incident Handler,23
"Columbus, OH",GIAC Security Essentials Certification,9
"Columbus, OH",ITIL Certifications,50
"Columbus, OH",Microsoft Certified Systems Engineer,30
"Columbus, OH",NIST Cybersecurity Framework (CSF),7
"Dallas-Fort Worth-Arlington, TX",Certified Ethical Hacker,278
"Dallas-Fort Worth-Arlington, TX",Certified Information Security Manager,307
"Dallas-Fort Worth-Arlington, TX",Certified Information System Auditor (CISA),234
"Dallas-Fort Worth-Arlington, TX",Certified Information Systems Security Professional,847
"Dallas-Fort Worth-Arlington, TX",Cisco Certified Network Associate,404
"Dallas-Fort Worth-Arlington, TX",Cisco Certified Network Professional,124
"Dallas-Fort Worth-Arlington, TX",CompTIA Security+,513
"Dallas-Fort Worth-Arlington, TX",GIAC Certifications,205
"Dallas-Fort Worth-Arlington, TX",GIAC Certified Incident Handler,69
"Dallas-Fort Worth-Arlington, TX",GIAC Security Essentials Certification,53
"Dallas-Fort Worth-Arlington, TX",ITIL Certifications,252
"Dallas-Fort Worth-Arlington, TX",Microsoft Certified Systems Engineer,147
"Dallas-Fort Worth-Arlington, TX",NIST Cybersecurity Framework (CSF),34
"Denver-Aurora-Lakewood, CO",Certified Ethical Hacker,139
"Denver-Aurora-Lakewood, CO",Certified Information Security Manager,112
"Denver-Aurora-Lakewood, CO",Certified Information System Auditor (CISA),83
"Denver-Aurora-Lakewood, CO",Certified Information Systems Security Professional,431
"Denver-Aurora-Lakewood, CO",Cisco Certified Network Associate,142
"Denver-Aurora-Lakewood, CO",Cisco Certified Network Professional,41
"Denver-Aurora-Lakewood, CO",CompTIA Security+,336
"Denver-Aurora-Lakewood, CO",GIAC Certifications,161
"Denver-Aurora-Lakewood, CO",GIAC Certified Incident Handler,58
"Denver-Aurora-Lakewood, CO",GIAC Security Essentials Certification,50
"Denver-Aurora-Lakewood, CO",ITIL Certifications,130
"Denver-Aurora-Lakewood, CO",Microsoft Certified Systems Engineer,56
"Detroit-Warren-Dearborn, MI",Certified Ethical Hacker,80
"Detroit-Warren-Dearborn, MI",Certified Information Security Manager,99
"Detroit-Warren-Dearborn, MI",Certified Information System Auditor (CISA),91
"Detroit-Warren-Dearborn, MI",Certified Information Systems Security Professional,272
"Detroit-Warren-Dearborn, MI",Cisco Certified Network Associate,110
"Detroit-Warren-Dearborn, MI",Cisco Certified Network Professional,21
"Detroit-Warren-Dearborn, MI",CompTIA Security+,167
"Detroit-Warren-Dearborn, MI",GIAC Certifications,74
"Detroit-Warren-Dearborn, MI",GIAC Certified Incident Handler,36
"Detroit-Warren-Dearborn, MI",GIAC Security Essentials Certification,21
"Detroit-Warren-Dearborn, MI",ITIL Certifications,63
"Detroit-Warren-Dearborn, MI",Microsoft Certified Systems Engineer,41
"Detroit-Warren-Dearborn, MI",NIST Cybersecurity Framework (CSF),14
"Hartford-East Hartford-Middletown, CT",Certified Ethical Hacker,17
"Hartford-East Hartford-Middletown, CT",Certified Information Security Manager,22
"Hartford-East Hartford-Middletown, CT",Certified Information System Auditor (CISA),26
"Hartford-East Hartford-Middletown, CT",Certified Information Systems Security Professional,72
"Hartford-East Hartford-Middletown, CT",Cisco Certified Network Associate,21
"Hartford-East Hartford-Middletown, CT",Cisco Certified Network Professional,4
"Hartford-East Hartford-Middletown, CT",CompTIA Security+,34
"Hartford-East Hartford-Middletown, CT",GIAC Certifications,19
"Hartford-East Hartford-Middletown, CT",GIAC Certified Incident Handler,6
"Hartford-East Hartford-Middletown, CT",GIAC Security Essentials Certification,6
"Hartford-East Hartford-Middletown, CT",ITIL Certifications,20
"Hartford-East Hartford-Middletown, CT",Microsoft Certified Systems Engineer,13
"Hartford-East Hartford-Middletown, CT",NIST Cybersecurity Framework (CSF),3
"Houston-The Woodlands-Sugar Land, TX",Certified Ethical Hacker,158
"Houston-The Woodlands-Sugar Land, TX",Certified Information Security Manager,171
"Houston-The Woodlands-Sugar Land, TX",Certified Information System Auditor (CISA),140
"Houston-The Woodlands-Sugar Land, TX",Certified Information Systems Security Professional,447
"Houston-The Woodlands-Sugar Land, TX",Cisco Certified Network Associate,245
"Houston-The Woodlands-Sugar Land, TX",Cisco Certified Network Professional,76
"Houston-The Woodlands-Sugar Land, TX",CompTIA Security+,320
"Houston-The Woodlands-Sugar Land, TX",GIAC Certifications,191
"Houston-The Woodlands-Sugar Land, TX",GIAC Certified Incident Handler,59
"Houston-The Woodlands-Sugar Land, TX",GIAC Security Essentials Certification,44
"Houston-The Woodlands-Sugar Land, TX",ITIL Certifications,146
"Houston-The Woodlands-Sugar Land, TX",Microsoft Certified Systems Engineer,122
"Houston-The Woodlands-Sugar Land, TX",NIST Cybersecurity Framework (CSF),25
"Indianapolis-Carmel-Anderson, IN",Certified Ethical Hacker,50
"Indianapolis-Carmel-Anderson, IN",Certified Information Security Manager,44
"Indianapolis-Carmel-Anderson, IN",Certified Information System Auditor (CISA),40
"Indianapolis-Carmel-Anderson, IN",Certified Information Systems Security Professional,125
"Indianapolis-Carmel-Anderson, IN",Cisco Certified Network Associate,57
"Indianapolis-Carmel-Anderson, IN",Cisco Certified Network Professional,16
"Indianapolis-Carmel-Anderson, IN",CompTIA Security+,117
"Indianapolis-Carmel-Anderson, IN",GIAC Certifications,48
"Indianapolis-Carmel-Anderson, IN",GIAC Certified Incident Handler,16
"Indianapolis-Carmel-Anderson, IN",GIAC Security Essentials Certification,17
"Indianapolis-Carmel-Anderson, IN",ITIL Certifications,59
"Indianapolis-Carmel-Anderson, IN",Microsoft Certified Systems Engineer,33
"Indianapolis-Carmel-Anderson, IN",NIST Cybersecurity Framework (CSF),7
"Jacksonville, FL",Certified Ethical Hacker,55
"Jacksonville, FL",Certified Information Security Manager,26
"Jacksonville, FL",Certified Information System Auditor (CISA),15
"Jacksonville, FL",Certified Information Systems Security Professional,107
"Jacksonville, FL",Cisco Certified Network Associate,44
"Jacksonville, FL",Cisco Certified Network Professional,16
"Jacksonville, FL",CompTIA Security+,146
"Jacksonville, FL",GIAC Certifications,36
"Jacksonville, FL",GIAC Certified Incident Handler,10
"Jacksonville, FL",GIAC Security Essentials Certification,12
"Jacksonville, FL",ITIL Certifications,38
"Jacksonville, FL",Microsoft Certified Systems Engineer,22
"Jacksonville, FL",NIST Cybersecurity Framework (CSF),4
"Kansas City, MO-KS",Certified Ethical Hacker,46
"Kansas City, MO-KS",Certified Information Security Manager,41
"Kansas City, MO-KS",Certified Information System Auditor (CISA),34
"Kansas City, MO-KS",Certified Information Systems Security Professional,147
"Kansas City, MO-KS",Cisco Certified Network Associate,69
"Kansas City, MO-KS",Cisco Certified Network Professional,19
"Kansas City, MO-KS",CompTIA Security+,171
"Kansas City, MO-KS",GIAC Certifications,47
"Kansas City, MO-KS",GIAC Certified Incident Handler,10
"Kansas City, MO-KS",GIAC Security Essentials Certification,12
"Kansas City, MO-KS",ITIL Certifications,66
"Kansas City, MO-KS",Microsoft Certified Systems Engineer,27
"Kansas City, MO-KS",NIST Cybersecurity Framework (CSF),7
"Las Vegas-Henderson-Paradise, NV",Certified Ethical Hacker,57
"Las Vegas-Henderson-Paradise, NV",Certified Information Security Manager,33
"Las Vegas-Henderson-Paradise, NV",Certified Information System Auditor (CISA),28
"Las Vegas-Henderson-Paradise, NV",Certified Information Systems Security Professional,128
"Las Vegas-Henderson-Paradise, NV",Cisco Certified Network Associate,78
"Las Vegas-Henderson-Paradise, NV",Cisco Certified Network Professional,15
"Las Vegas-Henderson-Paradise, NV",CompTIA Security+,183
"Las Vegas-Henderson-Paradise, NV",GIAC Certifications,62
"Las Vegas-Henderson-Paradise, NV",GIAC Certified Incident Handler,20
"Las Vegas-Henderson-Paradise, NV",GIAC Security Essentials Certification,16
"Las Vegas-Henderson-Paradise, NV",ITIL Certifications,32
"Las Vegas-Henderson-Paradise, NV",Microsoft Certified Systems Engineer,25
"Los Angeles-Long Beach-Anaheim, CA",Certified Ethical Hacker,212
"Los Angeles-Long Beach-Anaheim, CA",Certified Information Security Manager,248
"Los Angeles-Long Beach-Anaheim, CA",Certified Information System Auditor (CISA),201
"Los Angeles-Long Beach-Anaheim, CA",Certified Information Systems Security Professional,641
"Los Angeles-Long Beach-Anaheim, CA",Cisco Certified Network Associate,303
"Los Angeles-Long Beach-Anaheim, CA",Cisco Certified Network Professional,80
"Los Angeles-Long Beach-Anaheim, CA",CompTIA Security+,435
"Los Angeles-Long Beach-Anaheim, CA",GIAC Certifications,185
"Los Angeles-Long Beach-Anaheim, CA",GIAC Certified Incident Handler,55
"Los Angeles-Long Beach-Anaheim, CA",GIAC Security Essentials Certification,53
"Los Angeles-Long Beach-Anaheim, CA",ITIL Certifications,141
"Los Angeles-Long Beach-Anaheim, CA",Microsoft Certified Systems Engineer,146
"Los Angeles-Long Beach-Anaheim, CA",NIST Cybersecurity Framework (CSF),22
"Louisville/Jefferson County, KY-IN",Certified Ethical Hacker,31
"Louisville/Jefferson County, KY-IN",Certified Information Security Manager,25
"Louisville/Jefferson County, KY-IN",Certified Information System Auditor (CISA),20
"Louisville/Jefferson County, KY-IN",Certified Information Systems Security Professional,52
"Louisville/Jefferson County, KY-IN",Cisco Certified Network Associate,25
"Louisville/Jefferson County, KY-IN",Cisco Certified Network Professional,7
"Louisville/Jefferson County, KY-IN",CompTIA Security+,66
"Louisville/Jefferson County, KY-IN",GIAC Certifications,19
"Louisville/Jefferson County, KY-IN",GIAC Certified Incident Handler,7
"Louisville/Jefferson County, KY-IN",GIAC Security Essentials Certification,7
"Louisville/Jefferson County, KY-IN",ITIL Certifications,13
"Louisville/Jefferson County, KY-IN",Microsoft Certified Systems Engineer,12
"Memphis, TN-MS-AR",Certified Ethical Hacker,23
"Memphis, TN-MS-AR",Certified Information Security Manager,18
"Memphis, TN-MS-AR",Certified Information System Auditor (CISA),15
"Memphis, TN-MS-AR",Certified Information Systems Security Professional,62
"Memphis, TN-MS-AR",Cisco Certified Network Associate,24
"Memphis, TN-MS-AR",Cisco Certified Network Professional,7
"Memphis, TN-MS-AR",CompTIA Security+,60
"Memphis, TN-MS-AR",GIAC Certifications,13
"Memphis, TN-MS-AR",GIAC Certified Incident Handler,5
"Memphis, TN-MS-AR",GIAC Security Essentials Certification,6
"Memphis, TN-MS-AR",ITIL Certifications,15
"Memphis, TN-MS-AR",Microsoft Certified Systems Engineer,15
"Memphis, TN-MS-AR",NIST Cybersecurity Framework (CSF),3
"Miami-Fort Lauderdale-Pompano Beach, FL",Certified Ethical Hacker,130
"Miami-Fort Lauderdale-Pompano Beach, FL",Certified Information Security Manager,94
"Miami-Fort Lauderdale-Pompano Beach, FL",Certified Information System Auditor (CISA),92
"Miami-Fort Lauderdale-Pompano Beach, FL",Certified Information Systems Security Professional,275
"Miami-Fort Lauderdale-Pompano Beach, FL",Cisco Certified Network Associate,180
"Miami-Fort Lauderdale-Pompano Beach, FL",Cisco Certified Network Professional,36
"Miami-Fort Lauderdale-Pompano Beach, FL",CompTIA Security+,240
"Miami-Fort Lauderdale-Pompano Beach, FL",GIAC Certifications,68
"Miami-Fort Lauderdale-Pompano Beach, FL",GIAC Certified Incident Handler,23
"Miami-Fort Lauderdale-Pompano Beach, FL",GIAC Security Essentials Certification,17
"Miami-Fort Lauderdale-Pompano Beach, FL",ITIL Certifications,62
"Miami-Fort Lauderdale-Pompano Beach, FL",Microsoft Certified Systems Engineer,111
"Miami-Fort Lauderdale-Pompano Beach, FL",NIST Cybersecurity Framework (CSF),16
"Milwaukee-Waukesha, WI",Certified Ethical Hacker,23
"Milwaukee-Waukesha, WI",Certified Information Security Manager,32
"Milwaukee-Waukesha, WI",Certified Information System Auditor (CISA),32
"Milwaukee-Waukesha, WI",Certified Information Systems Security Professional,91
"Milwaukee-Waukesha, WI",Cisco Certified Network Associate,31
"Milwaukee-Waukesha, WI",Cisco Certified Network Professional,7
"Milwaukee-Waukesha, WI",CompTIA Security+,51
"Milwaukee-Waukesha, WI",GIAC Certifications,41
"Milwaukee-Waukesha, WI",GIAC Certified Incident Handler,16
"Milwaukee-Waukesha, WI",GIAC Security Essentials Certification,4
"Milwaukee-Waukesha, WI",ITIL Certifications,23
"Milwaukee-Waukesha, WI",Microsoft Certified Systems Engineer,23
"Milwaukee-Waukesha, WI",NIST Cybersecurity Framework (CSF),7
"Minneapolis-St. Paul-Bloomington, MN-WI",Certified Ethical Hacker,73
"Minneapolis-St. Paul-Bloomington, MN-WI",Certified Information Security Manager,107
"Minneapolis-St. Paul-Bloomington, MN-WI",Certified Information System Auditor (CISA),100
"Minneapolis-St. Paul-Bloomington, MN-WI",Certified Information Systems Security Professional,304
"Minneapolis-St. Paul-Bloomington, MN-WI",Cisco Certified Network Associate,113
"Minneapolis-St. Paul-Bloomington, MN-WI",Cisco Certified Network Professional,25
"Minneapolis-St. Paul-Bloomington, MN-WI",CompTIA Security+,128
"Minneapolis-St. Paul-Bloomington, MN-WI",GIAC Certifications,107
"Minneapolis-St. Paul-Bloomington, MN-WI",GIAC Certified Incident Handler,39
"Minneapolis-St. Paul-Bloomington, MN-WI",GIAC Security Essentials Certification,31
"Minneapolis-St. Paul-Bloomington, MN-WI",ITIL Certifications,70
"Minneapolis-St. Paul-Bloomington, MN-WI",Microsoft Certified Systems Engineer,38
"Minneapolis-St. Paul-Bloomington, MN-WI",NIST Cybersecurity Framework (CSF),20
"Nashville-Davidson--Murfreesboro--Franklin, TN",Certified Ethical Hacker,36
"Nashville-Davidson--Murfreesboro--Franklin, TN",Certified Information Security Manager,46
"Nashville-Davidson--Murfreesboro--Franklin, TN",Certified Information System Auditor (CISA),43
"Nashville-Davidson--Murfreesboro--Franklin, TN",Certified Information Systems Security Professional,107
"Nashville-Davidson--Murfreesboro--Franklin, TN",Cisco Certified Network Associate,43
"Nashville-Davidson--Murfreesboro--Franklin, TN",Cisco Certified Network Professional,11
"Nashville-Davidson--Murfreesboro--Franklin, TN",CompTIA Security+,95
"Nashville-Davidson--Murfreesboro--Franklin, TN",GIAC Certifications,37
"Nashville-Davidson--Murfreesboro--Franklin, TN",GIAC Certified Incident Handler,17
"Nashville-Davidson--Murfreesboro--Franklin, TN",GIAC Security Essentials Certification,12
"Nashville-Davidson--Murfreesboro--Franklin, TN",ITIL Certifications,32
"Nashville-Davidson--Murfreesboro--Franklin, TN",Microsoft Certified Systems Engineer,32
"Nashville-Davidson--Murfreesboro--Franklin, TN",NIST Cybersecurity Framework (CSF),4
"New Orleans-Metairie, LA",Certified Ethical Hacker,20
"New Orleans-Metairie, LA",Certified Information Security Manager,9
"New Orleans-Metairie, LA",Certified Information System Auditor (CISA),4
"New Orleans-Metairie, LA",Certified Information Systems Security Professional,37
"New Orleans-Metairie, LA",Cisco Certified Network Associate,27
"New Orleans-Metairie, LA",Cisco Certified Network Professional,9
"New Orleans-Metairie, LA",CompTIA Security+,72
"New Orleans-Metairie, LA",GIAC Certifications,19
"New Orleans-Metairie, LA",GIAC Certified Incident Handler,9
"New Orleans-Metairie, LA",GIAC Security Essentials Certification,9
"New Orleans-Metairie, LA",ITIL Certifications,13
"New Orleans-Metairie, LA",Microsoft Certified Systems Engineer,10
"New York-Newark-Jersey City, NY-NJ-PA",Certified Ethical Hacker,533
"New York-Newark-Jersey City, NY-NJ-PA",Certified Information Security Manager,809
"New York-Newark-Jersey City, NY-NJ-PA",Certified Information System Auditor (CISA),684
"New York-Newark-Jersey City, NY-NJ-PA",Certified Information Systems Security Professional,1850
"New York-Newark-Jersey City, NY-NJ-PA",Cisco Certified Network Associate,747
"New York-Newark-Jersey City, NY-NJ-PA",Cisco Certified Network Professional,213
"New York-Newark-Jersey City, NY-NJ-PA",CompTIA Security+,857
"New York-Newark-Jersey City, NY-NJ-PA",GIAC Certifications,527
"New York-Newark-Jersey City, NY-NJ-PA",GIAC Certified Incident Handler,182
"New York-Newark-Jersey City, NY-NJ-PA",GIAC Security Essentials Certification,128
"New York-Newark-Jersey City, NY-NJ-PA",ITIL Certifications,490
"New York-Newark-Jersey City, NY-NJ-PA",Microsoft Certified Systems Engineer,290
"New York-Newark-Jersey City, NY-NJ-PA",NIST Cybersecurity Framework (CSF),126
"Oklahoma City, OK",Certified Ethical Hacker,23
"Oklahoma City, OK",Certified Information Security Manager,22
"Oklahoma City, OK",Certified Information System Auditor (CISA),25
"Oklahoma City, OK",Certified Information Systems Security Professional,71
"Oklahoma City, OK",Cisco Certified Network Associate,42
"Oklahoma City, OK",Cisco Certified Network Professional,8
"Oklahoma City, OK",CompTIA Security+,154
"Oklahoma City, OK",GIAC Certifications,19
"Oklahoma City, OK",GIAC Certified Incident Handler,8
"Oklahoma City, OK",GIAC Security Essentials Certification,8
"Oklahoma City, OK",ITIL Certifications,33
"Oklahoma City, OK",Microsoft Certified Systems Engineer,18
"Oklahoma City, OK",NIST Cybersecurity Framework (CSF),3
"Orlando-Kissimmee-Sanford, FL",Certified Ethical Hacker,98
"Orlando-Kissimmee-Sanford, FL",Certified Information Security Manager,45
"Orlando-Kissimmee-Sanford, FL",Certified Information System Auditor (CISA),37
"Orlando-Kissimmee-Sanford, FL",Certified Information Systems Security Professional,207
"Orlando-Kissimmee-Sanford, FL",Cisco Certified Network Associate,122
"Orlando-Kissimmee-Sanford, FL",Cisco Certified Network Professional,37
"Orlando-Kissimmee-Sanford, FL",CompTIA Security+,276
"Orlando-Kissimmee-Sanford, FL",GIAC Certifications,61
"Orlando-Kissimmee-Sanford, FL",GIAC Certified Incident Handler,18
"Orlando-Kissimmee-Sanford, FL",GIAC Security Essentials Certification,12
"Orlando-Kissimmee-Sanford, FL",ITIL Certifications,56
"Orlando-Kissimmee-Sanford, FL",Microsoft Certified Systems Engineer,46
"Philadelphia-Camden-Wilmington, PA-NJ-DE-MD",Certified Ethical Hacker,139
"Philadelphia-Camden-Wilmington, PA-NJ-DE-MD",Certified Information Security Manager,169
"Philadelphia-Camden-Wilmington, PA-NJ-DE-MD",Certified Information System Auditor (CISA),153
"Philadelphia-Camden-Wilmington, PA-NJ-DE-MD",Certified Information Systems Security Professional,490
"Philadelphia-Camden-Wilmington, PA-NJ-DE-MD",Cisco Certified Network Associate,155
"Philadelphia-Camden-Wilmington, PA-NJ-DE-MD",Cisco Certified Network Professional,43
"Philadelphia-Camden-Wilmington, PA-NJ-DE-MD",CompTIA Security+,337
"Philadelphia-Camden-Wilmington, PA-NJ-DE-MD",GIAC Certifications,130
"Philadelphia-Camden-Wilmington, PA-NJ-DE-MD",GIAC Certified Incident Handler,35
"Philadelphia-Camden-Wilmington, PA-NJ-DE-MD",GIAC Security Essentials Certification,39
"Philadelphia-Camden-Wilmington, PA-NJ-DE-MD",ITIL Certifications,97
"Philadelphia-Camden-Wilmington, PA-NJ-DE-MD",Microsoft Certified Systems Engineer,89
"Philadelphia-Camden-Wilmington, PA-NJ-DE-MD",NIST Cybersecurity Framework (CSF),24
"Phoenix-Mesa-Chandler, AZ",Certified Ethical Hacker,104
"Phoenix-Mesa-Chandler, AZ",Certified Information Security Manager,134
"Phoenix-Mesa-Chandler, AZ",Certified Information System Auditor (CISA),85
"Phoenix-Mesa-Chandler, AZ",Certified Information Systems Security Professional,342
"Phoenix-Mesa-Chandler, AZ",Cisco Certified Network Associate,145
"Phoenix-Mesa-Chandler, AZ",Cisco Certified Network Professional,37
"Phoenix-Mesa-Chandler, AZ",CompTIA Security+,230
"Phoenix-Mesa-Chandler, AZ",GIAC Certifications,102
"Phoenix-Mesa-Chandler, AZ",GIAC Certified Incident Handler,38
"Phoenix-Mesa-Chandler, AZ",GIAC Security Essentials Certification,30
"Phoenix-Mesa-Chandler, AZ",ITIL Certifications,105
"Phoenix-Mesa-Chandler, AZ",Microsoft Certified Systems Engineer,66
"Phoenix-Mesa-Chandler, AZ",NIST Cybersecurity Framework (CSF),18
"Pittsburgh, PA",Certified Ethical Hacker,60
"Pittsburgh, PA",Certified Information Security Manager,61
"Pittsburgh, PA",Certified Information System Auditor (CISA),42
"Pittsburgh, PA",Certified Information Systems Security Professional,186
"Pittsburgh, PA",Cisco Certified Network Associate,53
"Pittsburgh, PA",Cisco Certified Network Professional,11
"Pittsburgh, PA",CompTIA Security+,127
"Pittsburgh, PA",GIAC Certifications,95
"Pittsburgh, PA",GIAC Certified Incident Handler,29
"Pittsburgh, PA",GIAC Security Essentials Certification,36
"Pittsburgh, PA",ITIL Certifications,51
"Pittsburgh, PA",Microsoft Certified Systems Engineer,18
"Pittsburgh, PA",NIST Cybersecurity Framework (CSF),15
"Portland-South Portland, ME",Certified Ethical Hacker,49
"Portland-South Portland, ME",Certified Information Security Manager,44
"Portland-South Portland, ME",Certified Information System Auditor (CISA),37
"Portland-South Portland, ME",Certified Information Systems Security Professional,176
"Portland-South Portland, ME",Cisco Certified Network Associate,65
"Portland-South Portland, ME",Cisco Certified Network Professional,12
"Portland-South Portland, ME",CompTIA Security+,114
"Portland-South Portland, ME",GIAC Certifications,52
"Portland-South Portland, ME",GIAC Certified Incident Handler,24
"Portland-South Portland, ME",GIAC Security Essentials Certification,8
"Portland-South Portland, ME",ITIL Certifications,35
"Portland-South Portland, ME",Microsoft Certified Systems Engineer,28
"Providence-Warwick, RI-MA",Certified Ethical Hacker,23
"Providence-Warwick, RI-MA",Certified Information Security Manager,23
"Providence-Warwick, RI-MA",Certified Information System Auditor (CISA),22
"Providence-Warwick, RI-MA",Certified Information Systems Security Professional,67
"Providence-Warwick, RI-MA",Cisco Certified Network Associate,44
"Providence-Warwick, RI-MA",Cisco Certified Network Professional,10
"Providence-Warwick, RI-MA",CompTIA Security+,100
"Providence-Warwick, RI-MA",GIAC Certifications,35
"Providence-Warwick, RI-MA",GIAC Certified Incident Handler,11
"Providence-Warwick, RI-MA",GIAC Security Essentials Certification,5
"Providence-Warwick, RI-MA",ITIL Certifications,28
"Providence-Warwick, RI-MA",Microsoft Certified Systems Engineer,15
"Providence-Warwick, RI-MA",NIST Cybersecurity Framework (CSF),4
"Raleigh-Cary, NC",Certified Ethical Hacker,26
"Raleigh-Cary, NC",Certified Information Security Manager,22
"Raleigh-Cary, NC",Certified Information System Auditor (CISA),10
"Raleigh-Cary, NC",Certified Information Systems Security Professional,72
"Raleigh-Cary, NC",Cisco Certified Network Associate,74
"Raleigh-Cary, NC",Cisco Certified Network Professional,17
"Raleigh-Cary, NC",CompTIA Security+,83
"Raleigh-Cary, NC",GIAC Certifications,21
"Raleigh-Cary, NC",GIAC Certified Incident Handler,8
"Raleigh-Cary, NC",GIAC Security Essentials Certification,9
"Raleigh-Cary, NC",ITIL Certifications,32
"Raleigh-Cary, NC",Microsoft Certified Systems Engineer,16
"Richmond, VA",Certified Ethical Hacker,69
"Richmond, VA",Certified Information Security Manager,53
"Richmond, VA",Certified Information System Auditor (CISA),42
"Richmond, VA",Certified Information Systems Security Professional,178
"Richmond, VA",Cisco Certified Network Associate,61
"Richmond, VA",Cisco Certified Network Professional,18
"Richmond, VA",CompTIA Security+,183
"Richmond, VA",GIAC Certifications,68
"Richmond, VA",GIAC Certified Incident Handler,24
"Richmond, VA",GIAC Security Essentials Certification,16
"Richmond, VA",ITIL Certifications,58
"Richmond, VA",Microsoft Certified Systems Engineer,31
"Richmond, VA",NIST Cybersecurity Framework (CSF),8
"Riverside-San Bernardino-Ontario, CA",Certified Ethical Hacker,41
"Riverside-San Bernardino-Ontario, CA",Certified Information Security Manager,26
"Riverside-San Bernardino-Ontario, CA",Certified Information System Auditor (CISA),9
"Riverside-San Bernardino-Ontario, CA",Certified Information Systems Security Professional,63
"Riverside-San Bernardino-Ontario, CA",Cisco Certified Network Associate,63
"Riverside-San Bernardino-Ontario, CA",Cisco Certified Network Professional,12
"Riverside-San Bernardino-Ontario, CA",CompTIA Security+,126
"Riverside-San Bernardino-Ontario, CA",GIAC Certifications,20
"Riverside-San Bernardino-Ontario, CA",GIAC Certified Incident Handler,5
"Riverside-San Bernardino-Ontario, CA",GIAC Security Essentials Certification,4
"Riverside-San Bernardino-Ontario, CA",ITIL Certifications,15
"Riverside-San Bernardino-Ontario, CA",Microsoft Certified Systems Engineer,17
"Riverside-San Bernardino-Ontario, CA",NIST Cybersecurity Framework (CSF),3
"Sacramento-Roseville-Folsom, CA",Certified Ethical Hacker,46
"Sacramento-Roseville-Folsom, CA",Certified Information Security Manager,35
"Sacramento-Roseville-Folsom, CA",Certified Information System Auditor (CISA),26
"Sacramento-Roseville-Folsom, CA",Certified Information Systems Security Professional,125
"Sacramento-Roseville-Folsom, CA",Cisco Certified Network Associate,56
"Sacramento-Roseville-Folsom, CA",Cisco Certified Network Professional,8
"Sacramento-Roseville-Folsom, CA",CompTIA Security+,94
"Sacramento-Roseville-Folsom, CA",GIAC Certifications,42
"Sacramento-Roseville-Folsom, CA",GIAC Certified Incident Handler,23
"Sacramento-Roseville-Folsom, CA",GIAC Security Essentials Certification,12
"Sacramento-Roseville-Folsom, CA",ITIL Certifications,35
"Sacramento-Roseville-Folsom, CA",Microsoft Certified Systems Engineer,24
"Sacramento-Roseville-Folsom, CA",NIST Cybersecurity Framework (CSF),9
"Salt Lake City, UT",Certified Ethical Hacker,44
"Salt Lake City, UT",Certified Information Security Manager,30
"Salt Lake City, UT",Certified Information System Auditor (CISA),27
"Salt Lake City, UT",Certified Information Systems Security Professional,99
"Salt Lake City, UT",Cisco Certified Network Associate,44
"Salt Lake City, UT",Cisco Certified Network Professional,9
"Salt Lake City, UT",CompTIA Security+,120
"Salt Lake City, UT",GIAC Certifications,36
"Salt Lake City, UT",GIAC Certified Incident Handler,12
"Salt Lake City, UT",GIAC Security Essentials Certification,12
"Salt Lake City, UT",ITIL Certifications,29
"Salt Lake City, UT",Microsoft Certified Systems Engineer,18
"San Antonio-New Braunfels, TX",Certified Ethical Hacker,335
"San Antonio-New Braunfels, TX",Certified Information Security Manager,83
"San Antonio-New Braunfels, TX",Certified Information System Auditor (CISA),42
"San Antonio-New Braunfels, TX",Certified Information Systems Security Professional,573
"San Antonio-New Braunfels, TX",Cisco Certified Network Associate,257
"San Antonio-New Braunfels, TX",Cisco Certified Network Professional,50
"San Antonio-New Braunfels, TX",CompTIA Security+,1044
"San Antonio-New Braunfels, TX",GIAC Certifications,235
"San Antonio-New Braunfels, TX",GIAC Certified Incident Handler,124
"San Antonio-New Braunfels, TX",GIAC Security Essentials Certification,85
"San Antonio-New Braunfels, TX",ITIL Certifications,121
"San Antonio-New Braunfels, TX",Microsoft Certified Systems Engineer,48
"San Diego-Chula Vista-Carlsbad, CA",Certified Ethical Hacker,187
"San Diego-Chula Vista-Carlsbad, CA",Certified Information Security Manager,110
"San Diego-Chula Vista-Carlsbad, CA",Certified Information System Auditor (CISA),77
"San Diego-Chula Vista-Carlsbad, CA",Certified Information Systems Security Professional,549
"San Diego-Chula Vista-Carlsbad, CA",Cisco Certified Network Associate,270
"San Diego-Chula Vista-Carlsbad, CA",Cisco Certified Network Professional,53
"San Diego-Chula Vista-Carlsbad, CA",CompTIA Security+,812
"San Diego-Chula Vista-Carlsbad, CA",GIAC Certifications,137
"San Diego-Chula Vista-Carlsbad, CA",GIAC Certified Incident Handler,42
"San Diego-Chula Vista-Carlsbad, CA",GIAC Security Essentials Certification,30
"San Diego-Chula Vista-Carlsbad, CA",ITIL Certifications,120
"San Diego-Chula Vista-Carlsbad, CA",Microsoft Certified Systems Engineer,100
"San Francisco-Oakland-Berkeley, CA",Certified Ethical Hacker,155
"San Francisco-Oakland-Berkeley, CA",Certified Information Security Manager,241
"San Francisco-Oakland-Berkeley, CA",Certified Information System Auditor (CISA),201
"San Francisco-Oakland-Berkeley, CA",Certified Information Systems Security Professional,689
"San Francisco-Oakland-Berkeley, CA",Cisco Certified Network Associate,223
"San Francisco-Oakland-Berkeley, CA",Cisco Certified Network Professional,73
"San Francisco-Oakland-Berkeley, CA",CompTIA Security+,272
"San Francisco-Oakland-Berkeley, CA",GIAC Certifications,180
"San Francisco-Oakland-Berkeley, CA",GIAC Certified Incident Handler,58
"San Francisco-Oakland-Berkeley, CA",GIAC Security Essentials Certification,37
"San Francisco-Oakland-Berkeley, CA",ITIL Certifications,151
"San Francisco-Oakland-Berkeley, CA",Microsoft Certified Systems Engineer,102
"San Francisco-Oakland-Berkeley, CA",NIST Cybersecurity Framework (CSF),25
"San Jose-Sunnyvale-Santa Clara, CA",Certified Ethical Hacker,36
"San Jose-Sunnyvale-Santa Clara, CA",Certified Information Security Manager,38
"San Jose-Sunnyvale-Santa Clara, CA",Certified Information System Auditor (CISA),30
"San Jose-Sunnyvale-Santa Clara, CA",Certified Information Systems Security Professional,111
"San Jose-Sunnyvale-Santa Clara, CA",Cisco Certified Network Associate,71
"San Jose-Sunnyvale-Santa Clara, CA",Cisco Certified Network Professional,31
"San Jose-Sunnyvale-Santa Clara, CA",CompTIA Security+,43
"San Jose-Sunnyvale-Santa Clara, CA",GIAC Certifications,34
"San Jose-Sunnyvale-Santa Clara, CA",GIAC Certified Incident Handler,10
"San Jose-Sunnyvale-Santa Clara, CA",GIAC Security Essentials Certification,14
"San Jose-Sunnyvale-Santa Clara, CA",ITIL Certifications,35
"San Jose-Sunnyvale-Santa Clara, CA",Microsoft Certified Systems Engineer,29
"San Jose-Sunnyvale-Santa Clara, CA",NIST Cybersecurity Framework (CSF),6
"Seattle-Tacoma-Bellevue, WA",Certified Ethical Hacker,198
"Seattle-Tacoma-Bellevue, WA",Certified Information Security Manager,120
"Seattle-Tacoma-Bellevue, WA",Certified Information System Auditor (CISA),84
"Seattle-Tacoma-Bellevue, WA",Certified Information Systems Security Professional,459
"Seattle-Tacoma-Bellevue, WA",Cisco Certified Network Associate,200
"Seattle-Tacoma-Bellevue, WA",Cisco Certified Network Professional,38
"Seattle-Tacoma-Bellevue, WA",CompTIA Security+,381
"Seattle-Tacoma-Bellevue, WA",GIAC Certifications,149
"Seattle-Tacoma-Bellevue, WA",GIAC Certified Incident Handler,62
"Seattle-Tacoma-Bellevue, WA",GIAC Security Essentials Certification,44
"Seattle-Tacoma-Bellevue, WA",ITIL Certifications,123
"Seattle-Tacoma-Bellevue, WA",Microsoft Certified Systems Engineer,92
"Seattle-Tacoma-Bellevue, WA",NIST Cybersecurity Framework (CSF),24
"St. Louis, MO-IL",Certified Ethical Hacker,197
"St. Louis, MO-IL",Certified Information Security Manager,78
"St. Louis, MO-IL",Certified Information System Auditor (CISA),64
"St. Louis, MO-IL",Certified Information Systems Security Professional,410
"St. Louis, MO-IL",Cisco Certified Network Associate,168
"St. Louis, MO-IL",Cisco Certified Network Professional,32
"St. Louis, MO-IL",CompTIA Security+,650
"St. Louis, MO-IL",GIAC Certifications,136
"St. Louis, MO-IL",GIAC Certified Incident Handler,48
"St. Louis, MO-IL",GIAC Security Essentials Certification,30
"St. Louis, MO-IL",ITIL Certifications,190
"St. Louis, MO-IL",Microsoft Certified Systems Engineer,77
"St. Louis, MO-IL",NIST Cybersecurity Framework (CSF),14
"Tampa-St. Petersburg-Clearwater, FL",Certified Ethical Hacker,190
"Tampa-St. Petersburg-Clearwater, FL",Certified Information Security Manager,133
"Tampa-St. Petersburg-Clearwater, FL",Certified Information System Auditor (CISA),89
"Tampa-St. Petersburg-Clearwater, FL",Certified Information Systems Security Professional,470
"Tampa-St. Petersburg-Clearwater, FL",Cisco Certified Network Associate,205
"Tampa-St. Petersburg-Clearwater, FL",Cisco Certified Network Professional,53
"Tampa-St. Petersburg-Clearwater, FL",CompTIA Security+,514
"Tampa-St. Petersburg-Clearwater, FL",GIAC Certifications,88
"Tampa-St. Petersburg-Clearwater, FL",GIAC Certified Incident Handler,30
"Tampa-St. Petersburg-Clearwater, FL",GIAC Security Essentials Certification,22
"Tampa-St. Petersburg-Clearwater, FL",ITIL Certifications,149
"Tampa-St. Petersburg-Clearwater, FL",Microsoft Certified Systems Engineer,104
"Virginia Beach-Norfolk-Newport News, VA-NC",Certified Ethical Hacker,311
"Virginia Beach-Norfolk-Newport News, VA-NC",Certified Information Security Manager,70
"Virginia Beach-Norfolk-Newport News, VA-NC",Certified Information System Auditor (CISA),35
"Virginia Beach-Norfolk-Newport News, VA-NC",Certified Information Systems Security Professional,530
"Virginia Beach-Norfolk-Newport News, VA-NC",Cisco Certified Network Associate,227
"Virginia Beach-Norfolk-Newport News, VA-NC",Cisco Certified Network Professional,41
"Virginia Beach-Norfolk-Newport News, VA-NC",CompTIA Security+,1229
"Virginia Beach-Norfolk-Newport News, VA-NC",GIAC Certifications,136
"Virginia Beach-Norfolk-Newport News, VA-NC",GIAC Certified Incident Handler,38
"Virginia Beach-Norfolk-Newport News, VA-NC",GIAC Security Essentials Certification,28
"Virginia Beach-Norfolk-Newport News, VA-NC",ITIL Certifications,151
"Virginia Beach-Norfolk-Newport News, VA-NC",Microsoft Certified Systems Engineer,80
"Washington-Arlington-Alexandria, DC-VA-MD-WV",Certified Ethical Hacker,2450
"Washington-Arlington-Alexandria, DC-VA-MD-WV",Certified Information Security Manager,1111
"Washington-Arlington-Alexandria, DC-VA-MD-WV",Certified Information System Auditor (CISA),664
"Washington-Arlington-Alexandria, DC-VA-MD-WV",Certified Information Systems Security Professional,5444
"Washington-Arlington-Alexandria, DC-VA-MD-WV",Cisco Certified Network Associate,1565
"Washington-Arlington-Alexandria, DC-VA-MD-WV",Cisco Certified Network Professional,382
"Washington-Arlington-Alexandria, DC-VA-MD-WV",CompTIA Security+,5851
"Washington-Arlington-Alexandria, DC-VA-MD-WV",GIAC Certifications,1045
"Washington-Arlington-Alexandria, DC-VA-MD-WV",GIAC Certified Incident Handler,363
"Washington-Arlington-Alexandria, DC-VA-MD-WV",GIAC Security Essentials Certification,245
"Washington-Arlington-Alexandria, DC-VA-MD-WV",ITIL Certifications,1579
"Washington-Arlington-Alexandria, DC-VA-MD-WV",Microsoft Certified Systems Engineer,669
"Washington-Arlington-Alexandria, DC-VA-MD-WV",NIST Cybersecurity Framework (CSF),124
